order,path,controller,methods,route_name,flags,replacement,status
0,/summary/whitelist/config,FilterController,GET,dashboard.filter.config.route,,feature route module,declaration parity verified; handler behavior unchanged
1,/summary/whitelist/config,FilterController,PUT,dashboard.filter.save.config.route,,feature route module,declaration parity verified; handler behavior unchanged
2,/devices,DeviceController,GET,controlbar.devices.route,,feature route module,declaration parity verified; handler behavior unchanged
3,/api/device/icon,DeviceController,GET,dashboard.icon.get.route,,feature route module,declaration parity verified; handler behavior unchanged
4,/api/device/icon,DeviceController,DELETE,dashboard.icon.reset.route,,feature route module,declaration parity verified; handler behavior unchanged
5,/api/device/icon,DeviceController,POST,dashboard.icon.set.route,,feature route module,declaration parity verified; handler behavior unchanged
6,/api/device/iconpos/{iconPos},DeviceController,POST,public.icon.position.set.route,,feature route module,declaration parity verified; handler behavior unchanged
7,/redirect/{decision}/{uuid},RedirectController,GET,public.redirect.route,,feature route module,declaration parity verified; handler behavior unchanged
8,/redirect/{decision}/{uuid},RedirectController,PUT,public.redirect.store.route,,feature route module,declaration parity verified; handler behavior unchanged
9,/redirect-delete/{domain},RedirectController,GET,public.redirect.delete.route,,feature route module,declaration parity verified; handler behavior unchanged
10,/redirect/prepare,RedirectController,GET,public.redirect.prepare.route,,feature route module,declaration parity verified; handler behavior unchanged
11,/network/setupPageInfo,NetworkController,GET,public.network.config.setuppage.get.route,,feature route module,declaration parity verified; handler behavior unchanged
12,/api/squiderror/searchEngineConfig,ParentalControlController,GET,errorpage.parentalcontrol.searchEngine.get,,feature route module,declaration parity verified; handler behavior unchanged
13,/summary/whitelist/all,DomainWhiteListController,GET,public.whitelist.get.route,,feature route module,declaration parity verified; handler behavior unchanged
14,/summary/whitelist/all,DomainWhiteListController,PUT,public.whitelist.set.route,,feature route module,declaration parity verified; handler behavior unchanged
15,/summary/whitelist/update,DomainWhiteListController,PUT,public.whitelist.update.route,,feature route module,declaration parity verified; handler behavior unchanged
16,/registration,DeviceRegistrationController,GET,public.registration.status.route,,feature route module,declaration parity verified; handler behavior unchanged
17,/api/ssl/caCertificate.crt,SSLController,GET,public.ssl.root.ca.download.route,,feature route module,declaration parity verified; handler behavior unchanged
18,/api/ssl/firefox/caCertificate.crt,SSLController,GET,public.ssl.root.ca.download.firefox.route,,feature route module,declaration parity verified; handler behavior unchanged
19,/api/ssl/firefox/renewalCertificate.crt,SSLController,GET,public.ssl.renewal.download.firefox.route,,feature route module,declaration parity verified; handler behavior unchanged
20,/api/ssl/renewalCertificate.crt,SSLController,GET,public.ssl.root.renewal.download.route,,feature route module,declaration parity verified; handler behavior unchanged
21,/ssl/status,SSLController,GET,controlbar.ssl.status.get.route,,feature route module,declaration parity verified; handler behavior unchanged
22,/ssl/whitelist,SSLController,POST,errorpageExclusive.whitelist.set.route,,feature route module,declaration parity verified; handler behavior unchanged
23,/ssl/test/{serialNumber},SSLController,POST,public.ssl.root.ca.test,,feature route module,declaration parity verified; handler behavior unchanged
24,/api/ssl/device/status,SSLController,POST,dashboard.sll.device.status.post,,feature route module,declaration parity verified; handler behavior unchanged
25,/api/ssl/status,SSLController,GET,dashboard.ssl.status.get,,feature route module,declaration parity verified; handler behavior unchanged
26,/api/ssl/errors,SSLController,GET,ssl.failed.connections.get,,feature route module,declaration parity verified; handler behavior unchanged
27,/api/ssl/errors,SSLController,DELETE,ssl.failed.connections.delete,,feature route module,declaration parity verified; handler behavior unchanged
28,/api/ssl/errors/recording,SSLController,GET,ssl.error.recording.enabled.get,,feature route module,declaration parity verified; handler behavior unchanged
29,/api/ssl/errors/recording,SSLController,PUT,ssl.error.recording.enabled.set,,feature route module,declaration parity verified; handler behavior unchanged
30,/api/localtimestamp,TimestampController,GET,dashboard.timestamp.route,,feature route module,declaration parity verified; handler behavior unchanged
31,/messages,MessageCenterController,GET,public.messages.get.route,,feature route module,declaration parity verified; handler behavior unchanged
32,/messages/count,MessageCenterController,GET,public.messages.count.route,,feature route module,declaration parity verified; handler behavior unchanged
33,/api/icon/state,ControlBarController,GET,public.messages.iconState.route,,feature route module,declaration parity verified; handler behavior unchanged
34,/messages/action,MessageCenterController,POST,public.messages.action.route,,feature route module,declaration parity verified; handler behavior unchanged
35,/messages/hide,MessageCenterController,POST,public.messages.hide.route,,feature route module,declaration parity verified; handler behavior unchanged
36,/messages/donotshowagain,MessageCenterController,PUT,public.messages.donotshowagain.put.route,,feature route module,declaration parity verified; handler behavior unchanged
37,/anonymous/vpn/profiles,OpenVpnController,GET,controlbar.vpn.profiles.get.route,,feature route module,declaration parity verified; handler behavior unchanged
38,/anonymous/vpn/profiles/status/{device},OpenVpnController,GET,errorpage.vpn.profiles.get.status.device,,feature route module,declaration parity verified; handler behavior unchanged
39,/anonymous/vpn/profile/{id}/status,OpenVpnController,GET,controlbar.vpn.profile.get.status,,feature route module,declaration parity verified; handler behavior unchanged
40,/anonymous/vpn/profile/{id}/status/{device},OpenVpnController,PUT,controlbar.vpn.profile.status.device.set,,feature route module,declaration parity verified; handler behavior unchanged
41,/anonymous/vpn/profile/{id}/status-this,OpenVpnController,PUT,errorpageExclusive.vpn.profile.status.device.set,,feature route module,declaration parity verified; handler behavior unchanged
42,/filter/badge/{pageContextId},FilterController,GET,public.filter.badge.route,,feature route module,declaration parity verified; handler behavior unchanged
43,/controlbar/console/ip,ControlBarController,GET,public.controlbar.console.ip.route,,feature route module,declaration parity verified; handler behavior unchanged
44,/controlbar/deviceRestrictions,ControlBarController,GET,public.controlbar.device.restrictions.route,,feature route module,declaration parity verified; handler behavior unchanged
45,/api/filter/stats/{pageContextId},FilterController,GET,controlbar.filter.getStats.route,,feature route module,declaration parity verified; handler behavior unchanged
46,/api/filter/config,FilterController,GET,controlbar.filter.getConfig.route,,feature route module,declaration parity verified; handler behavior unchanged
47,/api/filter/config,FilterController,PUT,controlbar.filter.putConfig.route,,feature route module,declaration parity verified; handler behavior unchanged
48,/api/filter/blockedAds/{pageContextId},FilterController,GET,controlbar.filter.getBlockedAdsSet.route,,feature route module,declaration parity verified; handler behavior unchanged
49,/api/whitelist/{pageContextId},DomainWhiteListController,GET,controlbar.whitelist.getDomainStatus.route,,feature route module,declaration parity verified; handler behavior unchanged
50,/api/whitelist/{pageContextId},DomainWhiteListController,PUT,controlbar.whitelist.save.route,,feature route module,declaration parity verified; handler behavior unchanged
51,/api/filter/blockedTrackings/{pageContextId},FilterController,GET,controlbar.filter.getBlockedTrackingsSet.route,,feature route module,declaration parity verified; handler behavior unchanged
52,/api/controlbar/device,ControlBarController,GET,controlbar.device.getDevice.route,,feature route module,declaration parity verified; handler behavior unchanged
53,/api/controlbar/device/ads/{deviceId},DeviceController,PUT,controlbar.device.dns.ads.update,,feature route module,declaration parity verified; handler behavior unchanged
54,/api/controlbar/device/trackers/{deviceId},DeviceController,PUT,controlbar.device.dns.trackers.update,,feature route module,declaration parity verified; handler behavior unchanged
55,/api/controlbar/users,ControlBarController,GET,controlbar.users.getUsers.route,,feature route module,declaration parity verified; handler behavior unchanged
56,/api/controlbar/users/operatinguser,ControlBarController,PUT,controlbar.users.setOperatingUser.route,,feature route module,declaration parity verified; handler behavior unchanged
57,/api/controlbar/users/{id}/changepin,UserController,POST,controlbar.users.changePin.route,,feature route module,declaration parity verified; handler behavior unchanged
58,/api/controlbar/console/ip,ControlBarController,GET,controlbar.console.getConsoleIp.route,,feature route module,declaration parity verified; handler behavior unchanged
59,/api/controlbar/registration,DeviceRegistrationController,GET,controlbar.registration.status.route,,feature route module,declaration parity verified; handler behavior unchanged
60,/api/vpn/profiles,OpenVpnController,GET,controlbar.vpn.getProfiles.route,,feature route module,declaration parity verified; handler behavior unchanged
61,/api/vpn/profiles/{id}/status,OpenVpnController,GET,controlbar.vpn.getVpnStatus.route,,feature route module,declaration parity verified; handler behavior unchanged
62,/api/vpn/profiles/status/{device},OpenVpnController,GET,controlbar.vpn.getVpnStatusByDevice.route,,feature route module,declaration parity verified; handler behavior unchanged
63,/api/vpn/profiles/{id}/status/{device},OpenVpnController,PUT,controlbar.vpn.setVpnDeviceStatus.route,,feature route module,declaration parity verified; handler behavior unchanged
64,/api/tor/config,AnonymousController,GET,controlbar.tor.getConfig.route,,feature route module,declaration parity verified; handler behavior unchanged
65,/api/tor/config,AnonymousController,PUT,controlbar.tor.putConfig.route,,feature route module,declaration parity verified; handler behavior unchanged
66,/api/tor/device/showwarnings,DeviceController,GET,controlbar.tor.device.getShowWarnings.route,,feature route module,declaration parity verified; handler behavior unchanged
67,/api/tor/device/showwarnings,DeviceController,POST,controlbar.tor.device.postShowWarnings.route,,feature route module,declaration parity verified; handler behavior unchanged
68,/api/tor/newidentity,AnonymousController,PUT,controlbar.tor.getNewTorIdentity.route,,feature route module,declaration parity verified; handler behavior unchanged
69,/api/useragent/list,UserAgentController,GET,controlbar.useragent.getAgentList.route,,feature route module,declaration parity verified; handler behavior unchanged
70,/api/useragent/cloaked,UserAgentController,GET,controlbar.useragent.getCloakedUserAgentByDeviceId.route,,feature route module,declaration parity verified; handler behavior unchanged
71,/api/useragent/cloaked,UserAgentController,PUT,controlbar.useragent.setCloakedUserAgentByDeviceId.route,,feature route module,declaration parity verified; handler behavior unchanged
72,/api/device/pauseStatus,DeviceController,GET,controlbar.device.get.pausestatus,,feature route module,declaration parity verified; handler behavior unchanged
73,/api/device/pause,DeviceController,POST,controlbar.device.get.pause,,feature route module,declaration parity verified; handler behavior unchanged
74,/api/device/dialogStatus,DeviceController,GET,controlbar.device.getPauseDialogStatus.pause,,feature route module,declaration parity verified; handler behavior unchanged
75,/api/device/dialogStatus,DeviceController,POST,controlbar.device.updatePauseDialogStatus.pause,,feature route module,declaration parity verified; handler behavior unchanged
76,/api/device/dialogStatusDoNotShowAgain,DeviceController,GET,controlbar.device.getPauseDialogStatusShowAgain.pause,,feature route module,declaration parity verified; handler behavior unchanged
77,/api/device/dialogStatusDoNotShowAgain,DeviceController,POST,controlbar.device.updatePauseDialogStatusDoNotShowAgain.pause,,feature route module,declaration parity verified; handler behavior unchanged
78,/api/messages/action,MessageCenterController,POST,controlbar.messages.action.route,,feature route module,declaration parity verified; handler behavior unchanged
79,/api/messages/hide,MessageCenterController,POST,controlbar.messages.hide.route,,feature route module,declaration parity verified; handler behavior unchanged
80,/api/messages,MessageCenterController,GET,controlbar.messages.get.route,,feature route module,declaration parity verified; handler behavior unchanged
81,/api/messages/donotshowagain,MessageCenterController,PUT,controlbar.messages.donotshowagain.put.route,,feature route module,declaration parity verified; handler behavior unchanged
82,/api/controlbar/localtimestamp,TimestampController,GET,controlbar.timestamp.route,,feature route module,declaration parity verified; handler behavior unchanged
83,/api/controlbar/parentalcontrol/usage,ParentalControlController,POST,controlbar.parentalcontrol.usage.start,,feature route module,declaration parity verified; handler behavior unchanged
84,/api/controlbar/parentalcontrol/usage,ParentalControlController,DELETE,controlbar.parentalcontrol.usage.stop,,feature route module,declaration parity verified; handler behavior unchanged
85,/api/controlbar/parentalcontrol/usage,ParentalControlController,GET,controlbar.parentalcontrol.usage,,feature route module,declaration parity verified; handler behavior unchanged
86,/api/controlbar/stats/filter,FilterStatisticsController,GET,public.controlbar.stats.filter.get,,feature route module,declaration parity verified; handler behavior unchanged
87,/api/filter/meta,ParentalControlFilterListsController,GET,controlbar.filterlists.metadata.get.route,,feature route module,declaration parity verified; handler behavior unchanged
88,/api/controlbar/ssl/status,SSLController,GET,controlbar.ssl.status.get,,feature route module,declaration parity verified; handler behavior unchanged
89,/api/adminconsole/settings,SettingsController,GET,public.locale.get.route,,feature route module,declaration parity verified; handler behavior unchanged
90,/api/adminconsole/settings,SettingsController,PUT,adminconsole.locale.put.route,,feature route module,declaration parity verified; handler behavior unchanged
91,/api/adminconsole/systemstatus/shutdown,SystemStatusController,POST,adminconsole.systemstatus.shutdown,,feature route module,declaration parity verified; handler behavior unchanged
92,/api/adminconsole/systemstatus/reboot,SystemStatusController,POST,adminconsole.systemstatus.reboot,,feature route module,declaration parity verified; handler behavior unchanged
93,/api/adminconsole/systemstatus,SystemStatusController,GET,public.adminconsole.systemstatus.get,,feature route module,declaration parity verified; handler behavior unchanged
94,/api/adminconsole/systemstatus/shutdown/onerror,SystemStatusController,POST,public.adminconsole.systemstatus.shutdown,,feature route module,declaration parity verified; handler behavior unchanged
95,/api/adminconsole/systemstatus/reboot/onerror,SystemStatusController,POST,public.adminconsole.systemstatus.reboot,,feature route module,declaration parity verified; handler behavior unchanged
96,/api/adminconsole/authentication/token/{appContext},AuthenticationController,GET,public.token.get.route,,feature route module,declaration parity verified; handler behavior unchanged
97,/api/adminconsole/authentication/login/{appContext},AuthenticationController,POST,public.console.authentication.login.route,,feature route module,declaration parity verified; handler behavior unchanged
98,/api/adminconsole/authentication/renew/{appContext},AuthenticationController,GET,adminconsole.authentication.renew.route,,feature route module,declaration parity verified; handler behavior unchanged
99,/api/adminconsole/authentication/enable,AuthenticationController,POST,adminconsole.authentication.enable.route,,feature route module,declaration parity verified; handler behavior unchanged
100,/api/adminconsole/authentication/disable,AuthenticationController,POST,adminconsole.authentication.disable.route,,feature route module,declaration parity verified; handler behavior unchanged
101,/api/adminconsole/authentication/initiateReset,AuthenticationController,POST,adminconsole.authentication.initiateReset.route,NO_AUTHENTICATION_REQUIRED,feature route module,declaration parity verified; handler behavior unchanged
102,/api/adminconsole/authentication/executeReset,AuthenticationController,POST,adminconsole.authentication.executeReset.route,NO_AUTHENTICATION_REQUIRED,feature route module,declaration parity verified; handler behavior unchanged
103,/api/adminconsole/authentication/cancelReset,AuthenticationController,POST,adminconsole.authentication.cancelReset.route,NO_AUTHENTICATION_REQUIRED,feature route module,declaration parity verified; handler behavior unchanged
104,/api/adminconsole/authentication/wait,AuthenticationController,GET,adminconsole.authentication.wait.route,NO_AUTHENTICATION_REQUIRED,feature route module,declaration parity verified; handler behavior unchanged
105,/api/adminconsole/registration,DeviceRegistrationController,GET,adminconsole.registration.status.route,,feature route module,declaration parity verified; handler behavior unchanged
106,/api/adminconsole/tos,TosController,GET,adminconsole.license.get.tos.route,,feature route module,declaration parity verified; handler behavior unchanged
107,/api/adminconsole/registration,DeviceRegistrationController,POST,adminconsole.registration.register.route,,feature route module,declaration parity verified; handler behavior unchanged
108,/api/adminconsole/registration,DeviceRegistrationController,DELETE,adminconsole.registration.reset.route,,feature route module,declaration parity verified; handler behavior unchanged
109,/api/adminconsole/upsellInfo/{feature},ProductMigrationController,GET,adminconsole.productmigration.getUpsellInfo,,feature route module,declaration parity verified; handler behavior unchanged
110,/api/adminconsole/setup/info,SetupWizardController,GET,adminconsole.setup.info.route,,feature route module,declaration parity verified; handler behavior unchanged
111,/api/adminconsole/updates/status,UpdateController,GET,adminconsole.updates.status.get.route,,feature route module,declaration parity verified; handler behavior unchanged
112,/api/adminconsole/updates/autoupdate,UpdateController,GET,adminconsole.updates.autoupdate.get.route,,feature route module,declaration parity verified; handler behavior unchanged
113,/api/adminconsole/updates/automaticUpdatesStatus,UpdateController,POST,adminconsole.updates.autoupdate.set.route,,feature route module,declaration parity verified; handler behavior unchanged
114,/api/adminconsole/updates/status,UpdateController,POST,adminconsole.updates.status.set.route,,feature route module,declaration parity verified; handler behavior unchanged
115,/api/adminconsole/updates/check,UpdateController,GET,adminconsole.updates.check.set.route,,feature route module,declaration parity verified; handler behavior unchanged
116,/api/adminconsole/updates/automaticUpdatesConfig,UpdateController,POST,adminconsole.updates.autoupdate.config.set.route,,feature route module,declaration parity verified; handler behavior unchanged
117,/api/adminconsole/users,UserController,GET,adminconsole.get.users.route,,feature route module,declaration parity verified; handler behavior unchanged
118,/api/adminconsole/users,UserController,POST,adminconsole.parentalcontrol.store.user.route,,feature route module,declaration parity verified; handler behavior unchanged
119,/api/adminconsole/users,UserController,PUT,adminconsole.parentalcontrol.put.user.route,,feature route module,declaration parity verified; handler behavior unchanged
120,/api/adminconsole/users/dashboard/update/{id},UserController,PUT,adminconsole.parentalcontrol.update.user.dashboard.route,,feature route module,declaration parity verified; handler behavior unchanged
121,/api/adminconsole/users/dashboard/updateall,UserController,PUT,adminconsole.parentalcontrol.update.all.dashboard.route,,feature route module,declaration parity verified; handler behavior unchanged
122,/api/adminconsole/users/{id},UserController,DELETE,adminconsole.parentalcontrol.delete.user.route,,feature route module,declaration parity verified; handler behavior unchanged
123,/api/adminconsole/users/all,UserController,POST,adminconsole.parentalcontrol.delete.all.user.route,,feature route module,declaration parity verified; handler behavior unchanged
124,/api/adminconsole/users/unique,UserController,GET,adminconsole.parentalcontrol.user.unique.route,,feature route module,declaration parity verified; handler behavior unchanged
125,/api/adminconsole/users/{id}/pin,UserController,POST,adminconsole.parentalcontrol.user.set.pin.route,,feature route module,declaration parity verified; handler behavior unchanged
126,/api/adminconsole/users/{id}/pin,UserController,DELETE,adminconsole.parentalcontrol.user.reset.pin.route,,feature route module,declaration parity verified; handler behavior unchanged
127,/api/adminconsole/userprofiles,ParentalControlController,POST,adminconsole.store.profile.route,,feature route module,declaration parity verified; handler behavior unchanged
128,/api/adminconsole/userprofiles,ParentalControlController,GET,adminconsole.parentalcontrol.get.profiles.route,,feature route module,declaration parity verified; handler behavior unchanged
129,/api/adminconsole/userprofiles,ParentalControlController,PUT,adminconsole.put.profile.route,,feature route module,declaration parity verified; handler behavior unchanged
130,/api/adminconsole/userprofiles/{id},ParentalControlController,DELETE,adminconsole.delete.profile.route,,feature route module,declaration parity verified; handler behavior unchanged
131,/api/adminconsole/userprofiles/all,ParentalControlController,POST,adminconsole.delete.all.profile.route,,feature route module,declaration parity verified; handler behavior unchanged
132,/api/adminconsole/userprofile/bonustime/{id},ParentalControlController,POST,adminconsole.userprofile.set.bonustime.route,,feature route module,declaration parity verified; handler behavior unchanged
133,/api/adminconsole/userprofile/bonustime/{id},ParentalControlController,DELETE,adminconsole.userprofile.delete.bonustime.route,,feature route module,declaration parity verified; handler behavior unchanged
134,/api/adminconsole/devices,DeviceController,GET,adminconsole.devices.route,,feature route module,declaration parity verified; handler behavior unchanged
135,/api/adminconsole/devices/scan,DeviceController,GET,adminconsole.devices.scan.available.route,,feature route module,declaration parity verified; handler behavior unchanged
136,/api/adminconsole/devices/scan,DeviceController,POST,adminconsole.devices.scan.route,,feature route module,declaration parity verified; handler behavior unchanged
137,/api/adminconsole/devices/scanningInterval,DeviceController,GET,adminconsole.devices.get.scanning.interval,,feature route module,declaration parity verified; handler behavior unchanged
138,/api/adminconsole/devices/scanningInterval,DeviceController,POST,adminconsole.devices.set.scanning.interval,,feature route module,declaration parity verified; handler behavior unchanged
139,/api/adminconsole/devices/autoEnableNewDevices,DeviceController,GET,adminconsole.devices.get.auto.enable.new.devices,,feature route module,declaration parity verified; handler behavior unchanged
140,/api/adminconsole/devices/autoEnableNewDevices,DeviceController,POST,adminconsole.devices.set.auto.enable.new.devices,,feature route module,declaration parity verified; handler behavior unchanged
141,/api/adminconsole/devices/autoEnableNewDevicesAfterActivation,DeviceController,POST,adminconsole.devices.set.auto.enable.new.devices.after.activation,,feature route module,declaration parity verified; handler behavior unchanged
142,/api/adminconsole/devices/{deviceId},DeviceController,GET,adminconsole.device.get.by.id.route,,feature route module,declaration parity verified; handler behavior unchanged
143,/api/adminconsole/devices/{deviceId},DeviceController,PUT,adminconsole.devices.update.route,,feature route module,declaration parity verified; handler behavior unchanged
144,/api/adminconsole/devices/{deviceId},DeviceController,DELETE,adminconsole.devices.delete.route,,feature route module,declaration parity verified; handler behavior unchanged
145,/api/adminconsole/devices/reset/{deviceId},DeviceController,PUT,adminconsole.devices.reset.route,,feature route module,declaration parity verified; handler behavior unchanged
146,/api/adminconsole/ssl/status,SSLController,GET,adminconsole.ssl.status.get.route,,feature route module,declaration parity verified; handler behavior unchanged
147,/api/adminconsole/ata/status,SSLController,POST,adminconsole.ssl.ata.status.set.route,,feature route module,declaration parity verified; handler behavior unchanged
148,/api/adminconsole/ata/status,SSLController,GET,adminconsole.ssl.ata.status.get.route,,feature route module,declaration parity verified; handler behavior unchanged
149,/api/adminconsole/ssl/status,SSLController,POST,adminconsole.ssl.status.set.route,,feature route module,declaration parity verified; handler behavior unchanged
150,/api/adminconsole/ssl/status/renewal,SSLController,GET,adminconsole.ssl.status.renewal.get,,feature route module,declaration parity verified; handler behavior unchanged
151,/api/adminconsole/ssl/rootca,SSLController,POST,adminconsole.ssl.root.ca.set.route,,feature route module,declaration parity verified; handler behavior unchanged
152,/api/adminconsole/ssl/rootca,SSLController,GET,adminconsole.ssl.root.ca.get,,feature route module,declaration parity verified; handler behavior unchanged
153,/api/adminconsole/ssl/rootca/options,SSLController,GET,adminconsole.ssl.root.ca.options,,feature route module,declaration parity verified; handler behavior unchanged
154,/api/adminconsole/ssl/certs/status,SSLController,GET,adminconsole.ssl.certs.status.get.route,,feature route module,declaration parity verified; handler behavior unchanged
155,/api/adminconsole/ssl/whitelist,SSLController,POST,adminconsole.whitelist.set.route,,feature route module,declaration parity verified; handler behavior unchanged
156,/api/adminconsole/ssl/errors,SSLController,GET,adminconsole.failed.connections.get,,feature route module,declaration parity verified; handler behavior unchanged
157,/api/adminconsole/ssl/errors,SSLController,DELETE,adminconsole.failed.connections.delete,,feature route module,declaration parity verified; handler behavior unchanged
158,/api/adminconsole/ssl/errors/recording,SSLController,GET,adminconsole.error.recording.enabled.get,,feature route module,declaration parity verified; handler behavior unchanged
159,/api/adminconsole/ssl/errors/recording,SSLController,PUT,adminconsole.error.recording.enabled.set,,feature route module,declaration parity verified; handler behavior unchanged
160,/api/adminconsole/trustedapps/id,AppWhitelistModuleController,POST,adminconsole.app.modules.post.route,,feature route module,declaration parity verified; handler behavior unchanged
161,/api/adminconsole/trustedapps/id/{id},AppWhitelistModuleController,GET,adminconsole.app.modules.get.route,,feature route module,declaration parity verified; handler behavior unchanged
162,/api/adminconsole/trustedapps/id/{id},AppWhitelistModuleController,PUT,adminconsole.app.modules.put.route,,feature route module,declaration parity verified; handler behavior unchanged
163,/api/adminconsole/trustedapps/id/{id},AppWhitelistModuleController,DELETE,adminconsole.app.modules.delete.route,,feature route module,declaration parity verified; handler behavior unchanged
164,/api/adminconsole/trustedapps/all,AppWhitelistModuleController,GET,adminconsole.app.modules.getall.route,,feature route module,declaration parity verified; handler behavior unchanged
165,/api/adminconsole/trustedapps/enable,AppWhitelistModuleController,PUT,adminconsole.app.modules.enable.route,,feature route module,declaration parity verified; handler behavior unchanged
166,/api/adminconsole/trustedapps/unique,AppWhitelistModuleController,GET,adminconsole.app.modules.get.unique.route,,feature route module,declaration parity verified; handler behavior unchanged
167,/api/adminconsole/trusteddomains/onlyenabled,AppWhitelistModuleController,GET,adminconsole.app.modules.get.enabled.route,,feature route module,declaration parity verified; handler behavior unchanged
168,/api/adminconsole/trusteddomains/delete,SSLController,PUT,adminconsole.ssl.whitelist.delete.route,,feature route module,declaration parity verified; handler behavior unchanged
169,/api/adminconsole/trusteddomains/deleteall,SSLController,PUT,adminconsole.ssl.whitelist.delete.all.route,,feature route module,declaration parity verified; handler behavior unchanged
170,/api/adminconsole/dns/config/resolvers,DnsController,GET,adminconsole.dns.config.resolvers.get,,feature route module,declaration parity verified; handler behavior unchanged
171,/api/adminconsole/dns/config/resolvers,DnsController,PUT,adminconsole.dns.config.resolvers.set,,feature route module,declaration parity verified; handler behavior unchanged
172,/api/adminconsole/dns/config/records,DnsController,GET,adminconsole.dns.config.records.get,,feature route module,declaration parity verified; handler behavior unchanged
173,/api/adminconsole/dns/config/records,DnsController,PUT,adminconsole.dns.config.records.set,,feature route module,declaration parity verified; handler behavior unchanged
174,/api/adminconsole/dns/cache,DnsController,DELETE,adminconsole.dns.cache.flush,,feature route module,declaration parity verified; handler behavior unchanged
175,/api/adminconsole/dns/status,DnsController,GET,adminconsole.dns.status.get,,feature route module,declaration parity verified; handler behavior unchanged
176,/api/adminconsole/dns/status,DnsController,PUT,adminconsole.dns.status.set,,feature route module,declaration parity verified; handler behavior unchanged
177,/api/adminconsole/dns/stats,DnsController,GET,adminconsole.dns.resolver.stats.get,,feature route module,declaration parity verified; handler behavior unchanged
178,/api/adminconsole/webrtc,AnonymousController,PUT,adminconsole.anonymous.webrtc.route,,feature route module,declaration parity verified; handler behavior unchanged
179,/api/adminconsole/webrtc,AnonymousController,GET,adminconsole.anonymous.webrtc.route,,feature route module,declaration parity verified; handler behavior unchanged
180,/api/adminconsole/referrer,AnonymousController,PUT,adminconsole.anonymous.referrer.route,,feature route module,declaration parity verified; handler behavior unchanged
181,/api/adminconsole/referrer,AnonymousController,GET,adminconsole.anonymous.referrer.route,,feature route module,declaration parity verified; handler behavior unchanged
182,/api/adminconsole/captiveportal,AnonymousController,PUT,adminconsole.anonymous.captiveportal.route,,feature route module,declaration parity verified; handler behavior unchanged
183,/api/adminconsole/captiveportal,AnonymousController,GET,adminconsole.controlbar.anonymous.captiveportal.route,,feature route module,declaration parity verified; handler behavior unchanged
184,/api/adminconsole/dnt,AnonymousController,GET,adminconsole.anonymous.dntheader.get.route,,feature route module,declaration parity verified; handler behavior unchanged
185,/api/adminconsole/dnt,AnonymousController,PUT,adminconsole.anonymous.dntheader.set.route,,feature route module,declaration parity verified; handler behavior unchanged
186,/api/adminconsole/compressionmode,FeatureController,GET,adminconsole.features.compressionmode,,feature route module,declaration parity verified; handler behavior unchanged
187,/api/adminconsole/compressionmode,FeatureController,PUT,adminconsole.features.compressionmode,,feature route module,declaration parity verified; handler behavior unchanged
188,/api/adminconsole/language,LanguageController,POST,adminconsole.language.set.route,,feature route module,declaration parity verified; handler behavior unchanged
189,/api/adminconsole/timezone/continents,TimezoneController,GET,adminconsole.timezone.continents.get.route,,feature route module,declaration parity verified; handler behavior unchanged
190,/api/adminconsole/timezone/continent/countries,TimezoneController,PUT,adminconsole.timezone.continents.put.countries.route,,feature route module,declaration parity verified; handler behavior unchanged
191,/api/adminconsole/events,EventController,GET,adminconsole.events.get.route,,feature route module,declaration parity verified; handler behavior unchanged
192,/api/adminconsole/events/{mode},EventController,DELETE,adminconsole.events.delete.route,,feature route module,declaration parity verified; handler behavior unchanged
193,/api/adminconsole/diagnostics/report,DiagnosticsReportController,POST,adminconsole.diagnostics.report.create.route,,feature route module,declaration parity verified; handler behavior unchanged
194,/api/adminconsole/diagnostics/report,DiagnosticsReportController,GET,adminconsole.diagnostics.report.status.route,,feature route module,declaration parity verified; handler behavior unchanged
195,/api/adminconsole/diagnostics/download,DiagnosticsReportController,GET,adminconsole.diagnostics.report.download.route,,feature route module,declaration parity verified; handler behavior unchanged
196,/api/adminconsole/factoryreset,FactoryResetController,GET,adminconsole.system.factoryreset.route,,feature route module,declaration parity verified; handler behavior unchanged
197,/api/adminconsole/filterlists,ParentalControlFilterListsController,GET,adminconsole.controlbar.filterlists.get.route,,feature route module,declaration parity verified; handler behavior unchanged
198,/api/adminconsole/filterlists/{id}/domains,ParentalControlFilterListsController,GET,adminconsole.parentalcontrol.filterlists.getdomains.route,,feature route module,declaration parity verified; handler behavior unchanged
199,/api/adminconsole/filterlists/{id}/update,ParentalControlFilterListsController,PUT,adminconsole.parentalcontrol.filterlists.update.route,,feature route module,declaration parity verified; handler behavior unchanged
200,/api/adminconsole/filterlists/{id},ParentalControlFilterListsController,DELETE,adminconsole.parentalcontrol.filterlists.delete.route,,feature route module,declaration parity verified; handler behavior unchanged
201,/api/adminconsole/filterlists,ParentalControlFilterListsController,POST,adminconsole.parentalcontrol.filterlists.create.route,,feature route module,declaration parity verified; handler behavior unchanged
202,/api/adminconsole/filterlists/unique,ParentalControlFilterListsController,GET,adminconsole.parentalcontrol.filterlists.unique.route,,feature route module,declaration parity verified; handler behavior unchanged
203,/api/adminconsole/filterlists/meta,ParentalControlFilterListsController,GET,adminconsole.controlbar.filterlists.metadata.get.route,,feature route module,declaration parity verified; handler behavior unchanged
204,/api/adminconsole/useragent/cloaked,UserAgentController,GET,adminconsole.useragents.getCloakedUserAgentByDeviceId.route,,feature route module,declaration parity verified; handler behavior unchanged
205,/api/adminconsole/useragent/list,UserAgentController,GET,adminconsole.useragent.getAgentList.route,,feature route module,declaration parity verified; handler behavior unchanged
206,/api/adminconsole/useragent/cloaked,UserAgentController,PUT,adminconsole.useragent.setCloakedUserAgentByDeviceId.route,,feature route module,declaration parity verified; handler behavior unchanged
207,/api/adminconsole/network/dhcpstate,NetworkController,GET,adminconsole.network.config.get.network.state.route,,feature route module,declaration parity verified; handler behavior unchanged
208,/api/adminconsole/network,NetworkController,GET,adminconsole.network.config.get.route,,feature route module,declaration parity verified; handler behavior unchanged
209,/api/adminconsole/network/setupPageInfo,NetworkController,GET,adminconsole.network.config.setuppage.get.route,,feature route module,declaration parity verified; handler behavior unchanged
210,/api/adminconsole/network,NetworkController,PUT,adminconsole.network.config.put.route,,feature route module,declaration parity verified; handler behavior unchanged
211,/api/adminconsole/network/dhcpservers,NetworkController,GET,adminconsole.network.config.get.dhcp.servers.route,,feature route module,declaration parity verified; handler behavior unchanged
212,/api/adminconsole/network/ip6,NetworkController,GET,adminconsole.network.config.ip6.get.route,,feature route module,declaration parity verified; handler behavior unchanged
213,/api/adminconsole/network/ip6,NetworkController,PUT,adminconsole.network.config.ip6.put.route,,feature route module,declaration parity verified; handler behavior unchanged
214,/api/adminconsole/vpn/profiles,OpenVpnController,GET,adminconsole.vpn.profiles.get.route,,feature route module,declaration parity verified; handler behavior unchanged
215,/api/adminconsole/vpn/profile,OpenVpnController,POST,adminconsole.vpn.profiles.create.route,,feature route module,declaration parity verified; handler behavior unchanged
216,/api/adminconsole/vpn/profile/{id},OpenVpnController,GET,adminconsole.vpn.profile.get.route,,feature route module,declaration parity verified; handler behavior unchanged
217,/api/adminconsole/vpn/profile/{id},OpenVpnController,PUT,adminconsole.vpn.profile.update.route,,feature route module,declaration parity verified; handler behavior unchanged
218,/api/adminconsole/vpn/profile/{id},OpenVpnController,DELETE,adminconsole.vpn.profile.delete.route,,feature route module,declaration parity verified; handler behavior unchanged
219,/api/adminconsole/vpn/profile/{id}/config,OpenVpnController,GET,adminconsole.vpn.profile.get.config.route,,feature route module,declaration parity verified; handler behavior unchanged
220,/api/adminconsole/vpn/profile/{id}/config,OpenVpnController,PUT,adminconsole.vpn.profile.create.config.route,,feature route module,declaration parity verified; handler behavior unchanged
221,/api/adminconsole/vpn/profile/{id}/config/{option},OpenVpnController,PUT,adminconsole.vpn.profile.set.config.option,,feature route module,declaration parity verified; handler behavior unchanged
222,/api/adminconsole/vpn/profile/{id}/status,OpenVpnController,PUT,adminconsole.vpn.profile.set.status,,feature route module,declaration parity verified; handler behavior unchanged
223,/api/adminconsole/vpn/profile/{id}/status,OpenVpnController,GET,adminconsole.vpn.profile.get.status,,feature route module,declaration parity verified; handler behavior unchanged
224,/api/adminconsole/vpn/profile/{id}/status/{device},OpenVpnController,GET,adminconsole.vpn.profile.status.device.get,,feature route module,declaration parity verified; handler behavior unchanged
225,/api/adminconsole/vpn/profile/{id}/status/{device},OpenVpnController,PUT,adminconsole.vpn.profile.status.device.set,,feature route module,declaration parity verified; handler behavior unchanged
226,/api/adminconsole/vpn/profile/status/{device},OpenVpnController,GET,adminconsole.vpn.getVpnStatusByDevice.route,,feature route module,declaration parity verified; handler behavior unchanged
227,/api/adminconsole/tor/countries,AnonymousController,GET,adminconsole.tor.route,,feature route module,declaration parity verified; handler behavior unchanged
228,/api/adminconsole/tor/countries/selected,AnonymousController,PUT,adminconsole.tor.route,,feature route module,declaration parity verified; handler behavior unchanged
229,/api/adminconsole/tor/countries/selected,AnonymousController,GET,adminconsole.tor.route,,feature route module,declaration parity verified; handler behavior unchanged
230,/api/adminconsole/tor/config/{deviceId},AnonymousController,GET,adminconsole.tor.getConfig.route,,feature route module,declaration parity verified; handler behavior unchanged
231,/api/adminconsole/tor/config/{deviceId},AnonymousController,PUT,adminconsole.tor.putConfig.route,,feature route module,declaration parity verified; handler behavior unchanged
232,/api/adminconsole/tor/newidentity,AnonymousController,PUT,adminconsole.tor.getNewTorIdentity.route,,feature route module,declaration parity verified; handler behavior unchanged
233,/api/adminconsole/recording/toggle,RecordingController,POST,adminconsole.recording.start.stop,,feature route module,declaration parity verified; handler behavior unchanged
234,/api/adminconsole/recording/status,RecordingController,GET,adminconsole.recording.get.status,,feature route module,declaration parity verified; handler behavior unchanged
235,/api/adminconsole/recording/result,RecordingController,GET,adminconsole.recording.get.recorded.domain.list,,feature route module,declaration parity verified; handler behavior unchanged
236,/api/adminconsole/openvpn/status,OpenVpnServerController,GET,adminconsole.vpn.server.status.get,,feature route module,declaration parity verified; handler behavior unchanged
237,/api/adminconsole/openvpn/status,OpenVpnServerController,POST,adminconsole.vpn.server.status.set,,feature route module,declaration parity verified; handler behavior unchanged
238,/api/adminconsole/openvpn/status,OpenVpnServerController,DELETE,adminconsole.vpn.server.status.delete,,feature route module,declaration parity verified; handler behavior unchanged
239,/api/adminconsole/openvpn/certificates,OpenVpnServerController,GET,adminconsole.vpn.server.certificates.get,,feature route module,declaration parity verified; handler behavior unchanged
240,/api/adminconsole/openvpn/certificates/generateDownloadUrl/{deviceId}/{deviceType},OpenVpnServerController,GET,adminconsole.vpn.server.certificates.generateDownloadUrl.get,,feature route module,declaration parity verified; handler behavior unchanged
241,/api/adminconsole/openvpn/certificates/downloadClientConf/{deviceId},OpenVpnServerController,GET,adminconsole.vpn.server.certificates.downloadClientConf.get,,feature route module,declaration parity verified; handler behavior unchanged
242,/api/adminconsole/openvpn/enable/{deviceId},OpenVpnServerController,POST,adminconsole.vpn.server.enable.device.post,,feature route module,declaration parity verified; handler behavior unchanged
243,/api/adminconsole/openvpn/disable/{deviceId},OpenVpnServerController,POST,adminconsole.vpn.server.disable.device.post,,feature route module,declaration parity verified; handler behavior unchanged
244,/api/adminconsole/openvpn/privateNetworkAccess/{deviceId},OpenVpnServerController,PUT,adminconsole.vpn.server.privateNetworkAccess.device.put,,feature route module,declaration parity verified; handler behavior unchanged
245,/api/adminconsole/upnpn/{port},OpenVpnServerController,PUT,adminconsole.vpn.upnp.portForwarding,,feature route module,declaration parity verified; handler behavior unchanged
246,/api/adminconsole/openvpn/test,MobileConnectionCheckController,POST,adminconsole.vpn.test.start,,feature route module,declaration parity verified; handler behavior unchanged
247,/api/adminconsole/openvpn/test,MobileConnectionCheckController,DELETE,adminconsole.vpn.test.stop,,feature route module,declaration parity verified; handler behavior unchanged
248,/api/adminconsole/openvpn/test,MobileConnectionCheckController,GET,adminconsole.vpn.test.status,,feature route module,declaration parity verified; handler behavior unchanged
249,/api/adminconsole/openvpn/dns,MobileDnsCheckController,POST,adminconsole.vpn.test.dns,,feature route module,declaration parity verified; handler behavior unchanged
250,/api/adminconsole/customerInfo,CustomerInfoController,GET,adminconsole.customerInfo.get.route,,feature route module,declaration parity verified; handler behavior unchanged
251,/api/adminconsole/customerInfo,CustomerInfoController,POST,adminconsole.customerInfo.save.route,,feature route module,declaration parity verified; handler behavior unchanged
252,/api/adminconsole/customerInfo,CustomerInfoController,DELETE,adminconsole.customerInfo.delete.route,,feature route module,declaration parity verified; handler behavior unchanged
253,/api/adminconsole/recorder,TransactionRecorderController,POST,adminconsole.transactionRecorder.start.route,,feature route module,declaration parity verified; handler behavior unchanged
254,/api/adminconsole/recorder,TransactionRecorderController,DELETE,adminconsole.transactionRecorder.stop.route,,feature route module,declaration parity verified; handler behavior unchanged
255,/api/adminconsole/recorder,TransactionRecorderController,GET,adminconsole.transactionRecorder.info.route,,feature route module,declaration parity verified; handler behavior unchanged
256,/api/adminconsole/recorder/results,TransactionRecorderController,GET,adminconsole.transactionRecorder.getall.route,,feature route module,declaration parity verified; handler behavior unchanged
257,/api/adminconsole/recorder/whatifmode,TransactionRecorderController,GET,adminconsole.transactionRecorder.whatifmode.get.route,,feature route module,declaration parity verified; handler behavior unchanged
258,/api/adminconsole/recorder/whatifmode,TransactionRecorderController,PUT,adminconsole.transactionRecorder.whatifmode.put.route,,feature route module,declaration parity verified; handler behavior unchanged
259,/api/adminconsole/recorder/results/csv,TransactionRecorderController,GET,adminconsole.transactionRecorder.getallascsv.route,,feature route module,declaration parity verified; handler behavior unchanged
260,/api/adminconsole/recorder/results/{domain},TransactionRecorderController,GET,adminconsole.transactionRecorder.get.route,,feature route module,declaration parity verified; handler behavior unchanged
261,/api/adminconsole/stats/total,FilterStatisticsController,GET,adminconsole.stats.total.get,,feature route module,declaration parity verified; handler behavior unchanged
262,/api/adminconsole/stats/domain,FilterStatisticsController,GET,adminconsole.blockedStats.filter.get,,feature route module,declaration parity verified; handler behavior unchanged
263,/api/adminconsole/device/pause,DeviceController,GET,adminconsole.device.get.pause,,feature route module,declaration parity verified; handler behavior unchanged
264,/api/adminconsole/device/pause,DeviceController,PUT,adminconsole.device.put.pause,,feature route module,declaration parity verified; handler behavior unchanged
265,/api/adminconsole/console/ip,ControlBarController,GET,public.adminconsole.console.ip.route,,feature route module,declaration parity verified; handler behavior unchanged
266,/api/adminconsole/splash,SplashController,GET,adminconsole.splash.get,,feature route module,declaration parity verified; handler behavior unchanged
267,/api/adminconsole/splash,SplashController,POST,adminconsole.splash.update,,feature route module,declaration parity verified; handler behavior unchanged
268,/api/adminconsole/tasks/log,TasksController,GET,adminconsole.tasks.log,,feature route module,declaration parity verified; handler behavior unchanged
269,/api/adminconsole/tasks/viewConfig,TasksController,GET,adminconsole.tasks.view.config.get,,feature route module,declaration parity verified; handler behavior unchanged
270,/api/adminconsole/tasks/viewConfig,TasksController,PUT,adminconsole.tasks.view.config.set,,feature route module,declaration parity verified; handler behavior unchanged
271,/api/adminconsole/tasks/stats,TasksController,GET,adminconsole.tasks.stats.get,,feature route module,declaration parity verified; handler behavior unchanged
272,/api/adminconsole/doctor/diagnosis,DoctorController,GET,adminconsole.doctor.diagnosis.get,,feature route module,declaration parity verified; handler behavior unchanged
273,/api/advice/console/ip,ControlBarController,GET,advice.console.getConsoleIp.route,,feature route module,declaration parity verified; handler behavior unchanged
274,/api/advice/registration,DeviceRegistrationController,GET,advice.registration.status.route,,feature route module,declaration parity verified; handler behavior unchanged
275,/api/advice/device,DeviceController,GET,advice.device.get,,feature route module,declaration parity verified; handler behavior unchanged
276,/api/advice/device/showWelcomeFlags,DeviceController,PUT,advice.device.updateShowWelcomeFlags,,feature route module,declaration parity verified; handler behavior unchanged
277,/api/errorpage/device/pause,DeviceController,POST,errorpage.device.set.pause,,feature route module,declaration parity verified; handler behavior unchanged
278,/filterlists,ParentalControlFilterListsController,GET,public.controlbar.filterlists.get.route,,feature route module,declaration parity verified; handler behavior unchanged
279,/recorder/results/csv,TransactionRecorderController,GET,public.transactionRecorder.getallascsv.route,,feature route module,declaration parity verified; handler behavior unchanged
280,/api/settings,SettingsController,GET,public.dashboard.settings.get.route,,feature route module,declaration parity verified; handler behavior unchanged
281,/api/settings/timezone,SettingsController,PUT,dashboard.locale.put.timezone.route,,feature route module,declaration parity verified; handler behavior unchanged
282,/api/token/{appContext},AuthenticationController,GET,public.token.get.route,,feature route module,declaration parity verified; handler behavior unchanged
283,/api/device/pause/{deviceId},DeviceController,GET,dashboard.device.get.pause,VERIFY_DEVICE_ID,feature route module,declaration parity verified; handler behavior unchanged
284,/api/device/pause/{deviceId},DeviceController,PUT,dashboard.device.put.pause,VERIFY_DEVICE_ID,feature route module,declaration parity verified; handler behavior unchanged
285,/api/device/showWelcomeFlags,DeviceController,PUT,dashboard.device.updateShowWelcomeFlags,,feature route module,declaration parity verified; handler behavior unchanged
286,/api/device,DeviceController,GET,dashboard.device.get,,feature route module,declaration parity verified; handler behavior unchanged
287,/api/device/{deviceId},DeviceController,PUT,dashboard.device.update,VERIFY_DEVICE_ID|DENY_CHILD_ACCESS,feature route module,declaration parity verified; handler behavior unchanged
288,/api/dashboard/operatinguser/devices,DeviceController,GET,dashboard.operatinguser.devices.get,,feature route module,declaration parity verified; handler behavior unchanged
289,/api/parentalcontrol/usage,ParentalControlController,POST,dashboard.parentalcontrol.usage.start,,feature route module,declaration parity verified; handler behavior unchanged
290,/api/parentalcontrol/usage,ParentalControlController,DELETE,dashboard.parentalcontrol.usage.stop,,feature route module,declaration parity verified; handler behavior unchanged
291,/api/parentalcontrol/usage,ParentalControlController,GET,dashboard.parentalcontrol.usage,,feature route module,declaration parity verified; handler behavior unchanged
292,/api/parentalcontrol/usage/{id},ParentalControlController,GET,dashboard.parentalcontrol.usage.by.id,,feature route module,declaration parity verified; handler behavior unchanged
293,/api/dashboard/userprofiles,ParentalControlController,GET,dashboard.parentalcontrol.get.profiles.route,,feature route module,declaration parity verified; handler behavior unchanged
294,/api/dashboard/searchEngineConfig,ParentalControlController,GET,dashboard.parentalcontrol.searchEngine.get,,feature route module,declaration parity verified; handler behavior unchanged
295,/api/userprofile,ControlBarController,GET,dashboard.userprofile.route,,feature route module,declaration parity verified; handler behavior unchanged
296,/api/dashboard/userprofile/maxusage/{id},ParentalControlController,POST,dashboard.userprofile.set.maxusage.route,,feature route module,declaration parity verified; handler behavior unchanged
297,/api/dashboard/userprofile/contentfilter/{id},ParentalControlController,POST,dashboard.userprofile.set.contentfilter.route,,feature route module,declaration parity verified; handler behavior unchanged
298,/api/dashboard/userprofile/inetnetaccess/{id},ParentalControlController,POST,dashboard.userprofile.set.internetaccess.route,,feature route module,declaration parity verified; handler behavior unchanged
299,/api/dashboard/userprofile/inetnetaccess/{id},ParentalControlController,GET,dashboard.userprofile.get.internetaccess.route,,feature route module,declaration parity verified; handler behavior unchanged
300,/api/dashboard/userprofile/bonustime/{id},ParentalControlController,POST,dashboard.userprofile.set.bonustime.route,,feature route module,declaration parity verified; handler behavior unchanged
301,/api/dashboard/userprofile/bonustime/{id},ParentalControlController,DELETE,dashboard.userprofile.delete.bonustime.route,,feature route module,declaration parity verified; handler behavior unchanged
302,/api/filter/stats/device/{deviceId},FilterStatisticsController,GET,dashboard.stats.route,VERIFY_DEVICE_ID,feature route module,declaration parity verified; handler behavior unchanged
303,/api/filter/totalStats,FilterStatisticsController,GET,dashboard.totalStats.route.get,,feature route module,declaration parity verified; handler behavior unchanged
304,/api/filter/totalStats,FilterStatisticsController,DELETE,dashboard.totalStats.route.delete,,feature route module,declaration parity verified; handler behavior unchanged
305,/api/filter/blockeddomains/{deviceId},FilterStatisticsController,GET,dashboard.blockedStats.filter.get,VERIFY_DEVICE_ID,feature route module,declaration parity verified; handler behavior unchanged
306,/api/filter/blockeddomains/{deviceId},FilterStatisticsController,DELETE,dashboard.blockedStats.filter.delete,VERIFY_DEVICE_ID,feature route module,declaration parity verified; handler behavior unchanged
307,/api/registrationdata,DeviceRegistrationController,GET,dashboard.registration.status.route,,feature route module,declaration parity verified; handler behavior unchanged
308,/api/dashboardcard,DashboardCardController,GET,dashboard.card.get.status,,feature route module,declaration parity verified; handler behavior unchanged
309,/api/dashboardcard/columns,DashboardCardController,PUT,dashboard.card.save.columns,,feature route module,declaration parity verified; handler behavior unchanged
310,/api/dashboardcard/columns,DashboardCardController,GET,dashboard.card.get.columns,,feature route module,declaration parity verified; handler behavior unchanged
311,/api/dashboard/users,UserController,GET,dashboard.users.getUsers.route,,feature route module,declaration parity verified; handler behavior unchanged
312,/api/dashboard/users/operatinguser,ControlBarController,PUT,dashboard.users.setOperatingUser.route,,feature route module,declaration parity verified; handler behavior unchanged
313,/api/dashboard/users/{id}/changepin,UserController,POST,dashboard.users.changePin.route,,feature route module,declaration parity verified; handler behavior unchanged
314,/api/dashboard/openvpn/filename/{deviceId}/{deviceType},OpenVpnServerController,GET,dashboard.vpn.server.filename.get,,feature route module,declaration parity verified; handler behavior unchanged
315,/api/dashboard/openvpn/status,OpenVpnServerController,GET,dashboard.vpn.server.status.get,,feature route module,declaration parity verified; handler behavior unchanged
316,/api/dashboard/openvpn/status,OpenVpnServerController,POST,dashboard.vpn.server.status.set,,feature route module,declaration parity verified; handler behavior unchanged
317,/api/dashboard/openvpn/status,OpenVpnServerController,DELETE,dashboard.vpn.server.status.delete,,feature route module,declaration parity verified; handler behavior unchanged
318,/api/dashboard/openvpn/certificates,OpenVpnServerController,GET,dashboard.vpn.server.certificates.get,,feature route module,declaration parity verified; handler behavior unchanged
319,/api/dashboard/openvpn/certificates/generateDownloadUrl/{deviceId}/{deviceType},OpenVpnServerController,GET,dashboard.vpn.server.certificates.generateDownloadUrl.get,,feature route module,declaration parity verified; handler behavior unchanged
320,/api/dashboard/openvpn/certificates/downloadClientConf/{deviceId},OpenVpnServerController,GET,dashboard.vpn.server.certificates.downloadClientConf.get,,feature route module,declaration parity verified; handler behavior unchanged
321,/api/dashboard/customdomainfilter/{userId},CustomDomainFilterConfigController,GET,dashboard.custom.domain.filter.get,VERIFY_USER_ID,feature route module,declaration parity verified; handler behavior unchanged
322,/api/dashboard/customdomainfilter/{userId},CustomDomainFilterConfigController,PUT,dashboard.custom.domain.filter.set,VERIFY_USER_ID,feature route module,declaration parity verified; handler behavior unchanged
323,/api/dashboard/dns/status,DnsController,GET,dashboard.dns.status.get,,feature route module,declaration parity verified; handler behavior unchanged
324,/api/dashboard/network/info,NetworkController,GET,dashboard.network.config.get.route,,feature route module,declaration parity verified; handler behavior unchanged
325,/api/dashboard/registration,DeviceRegistrationController,GET,dashboard.registration.status.route,,feature route module,declaration parity verified; handler behavior unchanged
326,/api/dashboard/vpn/profiles,OpenVpnController,GET,dashboard.vpn.getProfiles.route,,feature route module,declaration parity verified; handler behavior unchanged
327,/api/dashboard/vpn/profiles/{id}/status,OpenVpnController,GET,dashboard.vpn.getVpnStatus.route,,feature route module,declaration parity verified; handler behavior unchanged
328,/api/dashboard/vpn/profiles/status/{device},OpenVpnController,GET,dashboard.vpn.getVpnStatusByDevice.route,,feature route module,declaration parity verified; handler behavior unchanged
329,/api/dashboard/vpn/profiles/{id}/status/{device},OpenVpnController,PUT,dashboard.vpn.setVpnDeviceStatus.route,,feature route module,declaration parity verified; handler behavior unchanged
330,/api/dashboard/vpn/profiles/{id}/status-this,OpenVpnController,PUT,dashboard.vpn.profile.status.device.set,,feature route module,declaration parity verified; handler behavior unchanged
331,/api/dashboard/tor/config,AnonymousController,GET,dashboard.tor.getConfig.route,,feature route module,declaration parity verified; handler behavior unchanged
332,/api/dashboard/tor/config,AnonymousController,PUT,dashboard.tor.putConfig.route,,feature route module,declaration parity verified; handler behavior unchanged
333,/api/dashboard/tor/device/showwarnings,DeviceController,GET,dashboard.tor.device.getShowWarnings.route,,feature route module,declaration parity verified; handler behavior unchanged
334,/api/dashboard/tor/device/showwarnings,DeviceController,POST,dashboard.tor.device.postShowWarnings.route,,feature route module,declaration parity verified; handler behavior unchanged
335,/api/dashboard/tor/newidentity,AnonymousController,PUT,dashboard.tor.getNewTorIdentity.route,,feature route module,declaration parity verified; handler behavior unchanged
336,/api/dashboard/useragent/list,UserAgentController,GET,dashboard.useragent.getAgentList.route,,feature route module,declaration parity verified; handler behavior unchanged
337,/api/dashboard/useragent/cloaked,UserAgentController,GET,dashboard.useragent.getCloakedUserAgentByDeviceId.route,,feature route module,declaration parity verified; handler behavior unchanged
338,/api/dashboard/useragent/cloaked,UserAgentController,PUT,dashboard.useragent.setCloakedUserAgentByDeviceId.route,,feature route module,declaration parity verified; handler behavior unchanged
339,/api/dashboard/ssl/whitelist,SSLController,POST,dashboard.whitelist.set.route,,feature route module,declaration parity verified; handler behavior unchanged
340,/api/dashboard/filterlists,ParentalControlFilterListsController,GET,dashboard.filterlists.get.route,,feature route module,declaration parity verified; handler behavior unchanged
341,/api/dashboard/domain/recorder/{deviceId},DomainRecorderController,GET,dashboard.domainRecorder.get.route,VERIFY_DEVICE_ID,feature route module,declaration parity verified; handler behavior unchanged
342,/api/dashboard/domain/recorder/{deviceId},DomainRecorderController,DELETE,dashboard.domainRecorder.reset.route,VERIFY_DEVICE_ID,feature route module,declaration parity verified; handler behavior unchanged
343,/api/admindashboard/devices,DeviceController,GET,admindashboard.devices.get,,feature route module,declaration parity verified; handler behavior unchanged
344,/api/admindashboard/authentication/renew/{appContext},AuthenticationController,GET,admindashboard.authentication.renew.route,,feature route module,declaration parity verified; handler behavior unchanged
345,/pagecontext/{id}/top,PageContextController,POST,public.pagecontext.top,,feature route module,declaration parity verified; handler behavior unchanged
346,/api/advice/reminder,ReminderController,GET,advice.reminder.get,,feature route module,declaration parity verified; handler behavior unchanged
347,/api/advice/reminder,ReminderController,POST,advice.reminder.post,,feature route module,declaration parity verified; handler behavior unchanged
348,/api/configbackup/export,ConfigurationBackupController,POST,adminconsole.configbackup.export,,feature route module,declaration parity verified; handler behavior unchanged
349,/api/configbackup/download/{configBackupFileReference},ConfigurationBackupController,GET,adminconsole.configbackup.download,,feature route module,declaration parity verified; handler behavior unchanged
350,/api/configbackup/upload,ConfigurationBackupController,PUT,adminconsole.configbackup.upload,,feature route module,declaration parity verified; handler behavior unchanged
351,/api/configbackup/verify,ConfigurationBackupController,POST,adminconsole.configbackup.verify,,feature route module,declaration parity verified; handler behavior unchanged
352,/api/configbackup/import,ConfigurationBackupController,POST,adminconsole.configbackup.import,,feature route module,declaration parity verified; handler behavior unchanged
353,/api/featuretoggle/{name},FeatureToggleController,GET,adminconsole.featuretoggle.get,,feature route module,declaration parity verified; handler behavior unchanged
354,/api/check/route,ConnectionCheckController,GET,public.connectioncheck.route,,feature route module,declaration parity verified; handler behavior unchanged
355,/api/blockers/,BlockerController,GET,adminconsole.blocker.getAll,,feature route module,declaration parity verified; handler behavior unchanged
356,/api/blockers/,BlockerController,POST,adminconsole.blocker.post,,feature route module,declaration parity verified; handler behavior unchanged
357,/api/blockers/{id},BlockerController,PUT,adminconsole.blocker.put,,feature route module,declaration parity verified; handler behavior unchanged
358,/api/blockers/{id},BlockerController,DELETE,adminconsole.blocker.delete,,feature route module,declaration parity verified; handler behavior unchanged
359,/.*,StaticFileController,GET,static.route,,feature route module,declaration parity verified; handler behavior unchanged
